ID,Name,DOD,Mobile_Number,Email,PINCODE,Country
1,Michael Jacobson,24-01-2002,+91 9602423227,autumn93@example.net,654134,INDIA
2,Theresa Reyes,06-03-1966,+91 7978173137,ycampbell@example.org,421131,INDIA
3,Chad Vasquez,27-03-2004,+91 7433288844,lopezmarc@example.com,654134,INDIA
4,Michael Roberts,16-08-1963,+91 7012437531,penapeter@example.com,523456,INDIA
5,Amanda Mckee,04-07-1975,+91 7993376668,jenkinsjennifer@example.org,654134,INDIA
6,Jose Davis,04-08-1991,+91 7645823827,qrojas@example.org,523456,US
7,Angela Wilson,18-08-1989,+91 8625973388,lindathomas@example.net,524121,US
8,Peter Jones,27-05-1979,+91 7857989580,robertlarson@example.net,434325,US
9,Cody Mitchell,09-05-2005,+91 9172305118,lindasmith@example.net,325523,US
10,Jill Howe,11-05-1995,+91 7143139753,kevinwest@example.com,434325,US
11,Jason Gentry,04-02-1986,+91 8248831608,ojordan@example.org,654134,INDIA
12,James Castaneda,23-06-2000,+91 8310818808,barberdawn@example.org,523456,INDIA
13,Natalie Phillips,06-08-1968,+91 9151806230,dmoore@example.org,434325,INDIA
14,Elizabeth Phillips,13-05-2000,+91 9872751702,lvazquez@example.org,524121,INDIA
15,Karen Davis,03-01-1997,+91 7371155844,patricia69@example.com,654134,INDIA
16,Michael Collins,13-08-1963,+91 9362243006,courtneylopez@example.com,325523,INDIA
17,Stephanie Lewis,12-04-1983,+91 8477373310,leahpace@example.org,325523,INDIA
18,Jason Serrano,13-06-1993,+91 7709416300,ejones@example.org,654134,INDIA
19,Debra Calderon,24-10-1963,+91 7945546062,kimberly89@example.net,421131,INDIA
20,Brandon Hopkins,26-06-1991,+91 9777566158,coryhicks@example.com,434325,INDIA
21,Lisa Conway,11-06-1994,+91 7781221146,holmescheryl@example.net,523456,INDIA
22,Kelly Gomez,11-04-1966,+91 7888739162,tamara42@example.com,421131,US
23,Adam Silva,27-09-1974,+91 8825624794,georgemartin@example.org,421131,US
24,Eddie Gutierrez,17-10-1990,+91 9825390498,joshuaolson@example.com,654134,US
25,Benjamin Gutierrez,29-10-1997,+91 9005614108,jonathanwallace@example.org,421131,US
26,Kyle Shaw,17-04-1976,+91 8648470857,stuartjennifer@example.org,421131,US
27,Patrick Donovan,27-12-1978,+91 7467706683,cynthia35@example.net,654134,US
28,Rebecca Douglas,23-02-1971,+91 9421581730,frodriguez@example.com,325523,US
29,Amy Brown,03-04-1989,+91 8298028287,marshallkimberly@example.net,524121,US
30,Joshua Norris,06-09-1986,+91 8896828845,amy09@example.net,325523,US
31,Lisa Vincent,27-06-2005,+91 9478846198,lodonnell@example.org,434325,US
32,Derek Burns,03-04-2004,+91 8671031585,millerheather@example.net,421131,US
33,Paul Braun,25-04-1978,+91 7927808973,hickstimothy@example.com,654134,US
34,Joseph Murphy,21-02-1995,+91 8006021306,lopezanthony@example.com,434325,US
35,Sally Wilson,24-02-1970,+91 9222165592,andrea76@example.net,524121,US
36,David White,28-09-1969,+91 9901507817,sabrina26@example.org,434325,US
37,Jonathan Garcia,15-06-1964,+91 7445045066,jameskatherine@example.com,421131,US
38,Gordon Campbell,24-09-1999,+91 7766390388,pricejoseph@example.com,654134,US
39,Christina Riddle,03-08-1997,+91 8625976050,raymond90@example.net,325523,US
40,Patrick Johnson,04-11-1986,+91 9611899628,chelsey99@example.net,421131,US
41,Mark Henry,27-03-1972,+91 7863715220,howelllaurie@example.com,654134,US
42,Dakota Ellis,01-11-1976,+91 8528599519,evansjames@example.net,325523,US
43,Kim Lucas,28-06-1988,+91 9305483455,tmann@example.org,654134,US
44,Monique Brown,13-03-1964,+91 9733321914,alexissanchez@example.net,421131,US
45,James Stevens PhD,12-06-1973,+91 8110996963,hartjoseph@example.net,523456,US
46,Mark Pope,20-11-1987,+91 9547188781,daniel32@example.org,524121,US
47,Philip Bentley,08-06-1992,+91 8075083968,marysanchez@example.com,524121,US
48,Shannon Michael,05-03-1969,+91 7072874576,johnsonmartin@example.org,325523,US
49,Ronnie Roberts,17-10-1969,+91 8540393993,bradleyjohnson@example.org,421131,US
50,Ashley Miller,27-07-1975,+91 7637590424,uholmes@example.com,654134,US
51,Rhonda Pierce,28-12-1972,+91 7427769059,webbmichele@example.com,325523,US
52,Tanner Page,17-09-1984,+91 8368112187,mooretina@example.net,654134,US
53,Linda Ray,18-07-1964,+91 9854140758,grantbryant@example.com,325523,US
54,Dale Delgado,14-11-1981,+91 8828650067,tapiajames@example.org,524121,US
55,Kathleen Moran,10-05-1969,+91 7790050815,lawrence57@example.net,523456,INDIA
56,Maureen Taylor,14-08-1998,+91 8552710230,valeriepeterson@example.com,523456,INDIA
57,Alicia Miller,13-03-1981,+91 7530851334,rachelmacdonald@example.com,421131,INDIA
58,Elizabeth Scott,25-05-1999,+91 7911866415,darlenedixon@example.org,325523,INDIA
59,Curtis Garcia,24-01-1989,+91 8717877611,johnsonheather@example.com,524121,INDIA
60,Julia Bell,03-03-1990,+91 7589382765,qcooper@example.net,523456,INDIA
61,Daisy May,04-10-1977,+91 9025712244,vlong@example.com,434325,INDIA
62,Robert Gill,16-07-2000,+91 8688625250,douglas14@example.com,523456,INDIA
63,Christopher Mckay,26-02-1965,+91 9405353967,gflores@example.org,654134,INDIA
64,Michael Conner,06-03-1972,+91 7791436535,bcoleman@example.org,523456,INDIA
65,Victoria Nguyen,16-06-1976,+91 7436430325,dawnwest@example.org,523456,INDIA
66,Jonathon Peterson,15-11-1991,+91 8626580939,walkerkathryn@example.org,421131,INDIA
67,Gregory Brown,03-08-1986,+91 9178075564,zmartinez@example.org,434325,INDIA
68,Heather Dougherty,24-10-1979,+91 8464430182,bautistascott@example.org,654134,INDIA
69,Jennifer Williams,09-02-1981,+91 9272837335,masonrachel@example.com,654134,INDIA
70,Linda Clark,20-03-1994,+91 7618517580,imoore@example.net,524121,INDIA
71,Antonio Castillo,03-01-1970,+91 8551493618,jenniferbrown@example.com,523456,INDIA
72,Elizabeth Warren,11-06-1966,+91 8107049607,morganstevens@example.com,325523,INDIA
73,Matthew Salazar,27-09-1965,+91 9124558149,simmonsrichard@example.com,434325,INDIA
74,Kevin Cooper,05-12-1978,+91 7895691492,georgejoseph@example.net,434325,INDIA
75,Joseph Kelley,01-07-1989,+91 7940722808,wterry@example.com,325523,INDIA
76,Jamie Martin,03-07-1999,+91 7639649072,xpearson@example.org,523456,INDIA
77,Elizabeth Wallace,23-02-1993,+91 9588308053,elizabethcarroll@example.org,524121,INDIA
78,Adam Murphy,24-01-1967,+91 8627426068,bclark@example.org,434325,INDIA
79,Danielle Rivera,18-04-1982,+91 7301150660,deborahbarker@example.com,325523,INDIA
80,Ms. Robin Castro,18-09-2000,+91 9265236059,whitney95@example.org,523456,INDIA
81,John Williams,08-08-1972,+91 8161925253,bmendez@example.org,523456,INDIA
82,Katie Porter,08-08-1976,+91 7263175524,erin55@example.net,654134,INDIA
83,Christopher Schmidt,15-05-1968,+91 7225780115,ptaylor@example.net,523456,INDIA
84,Jacqueline Reynolds,27-02-1988,+91 8702487459,connie32@example.com,654134,INDIA
85,Karen Olsen,12-08-1978,+91 8107339011,nsullivan@example.net,654134,INDIA
86,Dennis Gonzalez,25-12-1995,+91 7042598444,rita88@example.com,421131,INDIA
87,Nicholas Ballard,26-10-1981,+91 8322662318,julie66@example.net,523456,INDIA
88,Kevin Wright,03-06-1992,+91 9414694436,bcabrera@example.net,523456,INDIA
89,Jeff Young,20-02-1992,+91 7467029486,tapiamichael@example.org,434325,INDIA
90,Adam Sullivan,28-12-2002,+91 7321263120,davidsilva@example.net,524121,INDIA
